Agadir	20
Ait melloul	20
Inezgane	20
Dcheira El Jihadia	20
Tagadirt	20
Tikiouine	20
Bensergao	20
Tarrast	20
Port de pêche Agadir	20
Kasbah El Taher Ait melloul	20
Al Mazar Ait melloul	20
Drargua	25
Tamait Izder	25
Tigmi N Bobker	25
Anza	25
Azrou ait melloul	25
Taddart ANZA	25
Temsia	30
Lqliâa	30
Sidi Bibi	30
Ait Baha	30
Ikhourbane	30
Oulad Jerrar	30
Aéroport international Agadir	30
Houara	30
Takad	30
Howara	30
Marrakech	35
Casablanca	35
Rabat	35
Tiznit	35
Biougra	35
Taroudannt	35
Belfaa	35
Temara	35
Sale	35
Kenitra	35
Oulad Teima	35
Oulad Dahou	35
Lagfifat	35
Aourir	35
Ait aamira	35
Taghazout	35
Sebt El Guerdane	35
Tin Mansour	35
Massa	35
Imi Imaqurn	35
Anounfeg	35
Tiguert	35
Plage Aghroud	35
Tadouarte agadir	35
Tamraght	35
Tanger	40
Tit Mellil	40
Deroua	40
Bouskoura	40
Sala Al Jadida	40
Tetouan	40
Larache	40
Safi	40
Guelmim	40
Fes	40
Mohammadia	40
Martil	40
Ain Harrouda	40
Meknès	40
Laayoune	40
El Jadida	40
Oujda	40
Dar bouazza	40
Settat	40
Berrechid	40
Khouribga	40
Béni Mellal	40
Essaouira	40
Errahma	40
Tan-Tan	40
Bouznika	40
Benslimane	40
Tata	40
Sidi Hajjaj (tit mellil - Casa)	40
Chellalate	40
Tamaris	40
Ait Aiaaza	40
Issen	40
El Boura	40
El Houmer	40
Azrarag	40
El Gara	40
Nouayl	40
Ouled Aissa taroudant	40
Ain Tekki	40
Ouled Aarfa traoudant	40
Boured	40
Tizi Ouasli - TAZA	40
Aknoul	40
Laatamna	40
Fezouane	40
Lamriss	40
Sidi Moussa Lhamri	40
Ras El Ma Fes	40
Lalla Takerkoust	40
Igoudar	40
Lmrah	40
Amizmiz	40
Sidi Boubker	40
Téroual	40
Ain defali	40
Masmouda	40
Ainjen	40
Beni quolla	40
Oulad bourahma	40
Sidi Ayache	40
Mkhakhaa	40
Had oulad jelloul	40
Souk tlet du gharb	40
Ketama	40
Bni Boufrah	40
Tala Youssef	40
Ait youssef ou ali	40
Souani	40
Izammouren	40
Rouadi	40
Sidi Boumoussa	40
Iborj - Oulad teima	40
Oulad saleh bouskoura	40
La ville verte	40
Sidi massoud sidi maarouf	40
Victoria Bouskoura	40
La Nouvelle Ville Ibn Batouta	40
Gzenaya	40
Tyouma	40
Toufirt	40
Souk El Had Zerkten	40
Tizi N'Tichka	40
Tahri - Marrakech	40
Taddarte Tichka	40
Aguelmous (Marrakech)	40
Agouim	40
Jemâa Feddalat	40
Zenata	40
Ben Mansour	40
Sbit	40
Mediouna	45
Dakhla	45
M'diq	45
Fnideq	45
Chefchaouen	45
Ain Atiq	45
Sidi Bouknadel	45
Tamensourt	45
Sidi Bouzid - El jadida	45
Moulay Abdellah Amghar	45
Jorf Lasfar	45
Ksar El Kebir	45
Mehdia	45
Sidi Taibi	45
Sidi Yahya El Gharb	45
Errachidia	45
Arfoud	45
Goulmima - ouarzazate	45
Rissani	45
Er-Rich	45
Taza	45
Ben Ahmed (Berchid)	45
Berkane	45
Nador	45
Ouarzazate	45
Selouane	45
Al Aroui	45
Segangan	45
Beni ensar	45
Ain El Aouda	45
Kasba Tadla	45
Fquih Ben Salah	45
El Ksiba	45
Souk Sebt Ouled Nemma	45
Ouled Ayad	45
Afourer	45
Ouled moussa (beni mellal)	45
Bir Jdid	45
Lahraouyine	45
Had soualem	45
Sidi Rahal	45
Ait Ourir	45
Tahanaout	45
Souihla	45
Ourika	45
BELAGUID	45
Sidi Bou Othmane	45
Tamanar	45
Sidi Zouine	45
Loudaya	45
Ouled Hssoun	45
Khénifra	45
M'rirt	45
Azilal	45
Al Hoceima	45
Imzouren	45
Aammour	45
Oued Zem	45
Sidi Kacem	45
Sidi Slimane	45
Sebt Gzoula	45
Skoura (ouarzazate)	45
Ahfir	45
Saidia	45
Bni Drar	45
Ras El Ma	45
Sidi Bennour	45
Khemis Zemamra	45
Cafémaure	45
Oued Laou	45
Ajdir	45
Bni Bouayach	45
Sidi Smail	45
Khémisset	45
Ouezzane	45
Tiflet	45
El Hajeb	45
Boufakrane	45
Sebaa Aiyoun	45
Tameslouht	45
Nouasser	45
Zaouiat Cheikh	45
Youssoufia	45
Jamaat Shaim	45
Zeghanghane	45
Targuist	45
Assilah	45
Ksar Sghir	45
El Mansouria	45
Guercif	45
Demnate	45
Tahla	45
Oued Amili	45
Farkhana	45
Azrou	45
Ifrane	45
Moulay Idriss Zerhoun	45
Bejaad	45
El Marsa (Laayoune)	45
El Kelaâ des Sraghna	45
Lhattouria	45
Echemmaia	45
Ounagha	45
Smimou	45
Talmest	45
Midelt	45
Tinghir	45
Tinejdad	45
Aoufous	45
Kelâat-M'Gouna	45
Boumalne-Dades	45
Ain Taoujdate	45
Harhoura	45
Aklim	45
Zaio	45
Bab Taza	45
Boumia	45
Zaïda	45
Boulemane	45
Sefrou	45
Bhalil	45
Chichaoua	45
Imouzzer Kandar	45
Ain Cheggag	45
El Menzel	45
Ain Beda	45
Sidi Khir Kandar	45
Bab Berred	45
Ouled Tayeb	45
Madagh	45
Taourirt	45
Souk El Arbaa	45
Bel Ksiri	45
Moulay Bousselham	45
Mechra Bel Ksiri	45
El Aioun Sidi Mellouk	45
El Aioun Oriental	45
Boujhiba	45
Jaddar	45
Driouch	45
Tistoutine	45
Ben Guerir	45
Moulay Yacoub	45
Imintanoute	45
Sidi L'Mokhtar	45
Tafoughalt	45
Jerada	45
Ain Chqef	45
Ghzawa	45
Oualidia	45
Trine Chtouka - El jadida	45
Sidi Abed - El jadida	45
Sidi Jaber	45
Bradia	45
Taghzirt	45
Ouled Frej	45
Midar	45
Ben Taleb	45
Kariat Arekmane	45
Bouarg	45
Ain Dorij	45
Zoumi	45
Sidi Redouane	45
Ait Aissa ou brahim	45
Timaouraouine	45
Imider	45
Tounate	45
Tissa	45
Ain aicha	45
Missour	45
Merzouga	45
Zagora	45
Agdz	45
Figuig	45
Bouarfa	45
Tendrara	45
Taferit	45
Kassita	45
Dar El Kebdani	45
Boudinar	45
Iksane	45
Tamsamane	45
Boudjour	45
Es-Semara	45
El Aouamra	45
Khemis Sahel	45
Ouled Hammou	45
Tighassaline	45
Ait Ishaq	45
Haj Kaddour	45
Bni Chiker	45
Issaguen	45
Boukidan	45
El Hanchane	45
El Ouatia (Tan-Tan)	45
Boudnib	45
Outat El Haj	45
AGHBALOU N'CERDAN	45
Itzer	45
Sidi Ihsi	45
Tafraout	45
Ouled Berhil	45
Aoulouz	45
Ouled Ghanem	45
Meawar Rasso	45
Tamallalt	45
Assahrij	45
Sidi Allal Tazi	45
Bouyaafar	45
Assa	45
Zag	45
Skhour Rehamna	45
Ain Bni Mathar	45
Mariouari	45
Ouled Settout	45
Mzouda	45
Mejjet	45
Aguelmous (khenifra)	45
Elbaj (khenifra)	45
Lehri	45
Bni Hadifa	45
Ain Karma	45
Sidi allman Moul kifen	45
Boderbala	45
Ain Arma	45
Dar Oum Sultan	45
Tlat Loulad	45
Ait Qamra	45
Ajdir Igzennayen	45
Ouled Ghanname	45
Ouasmanna	45
El kebab	45
Had Bouhssousen	45
Tighza mirit	45
Moulay Bouazza	45
Sef en Nsour	45
Sebt Ait Rahhou	45
Oued Laabid	45
Bzou	45
El Borouj	45
El Mensah	45
Sidi Yahya Zaer	45
Tazrine	45
Ikniwn	45
Tamezmoute	45
Tinzouline	45
Tamegroute	45
Tagounite	45
M'hamid El Ghizlane	45
Bni Zoli	45
Jorf El Melha	45
Sidi Allal El Bahraoui	45
Lalla Mimouna	45
Dlalha	45
Sebt Jahjouh	45
Sidi Ali Ben Hamdouche (Meknes)	45
Dakhsa	45
Kantina	45
Ait Yazem	45
Sidi Moussa El Majdoub	45
Mirleft	45
Bouguedra	45
Moulay Brahim	45
Asni	45
Chwiter	45
Aglou	45
Ouled Yaich	45
Sidi Abdallah Ghiat	45
Boulaouane	45
Hattane	45
Cabo Negro	45
Marina Smir	45
Bab Tallaouine - Tétouan	45
Dardara	45
Cherafate chefchaouen	45
Tamenout	45
Akouchame	45
Tamrabit	45
Azla	45
Amsa	45
Ribate El Kheir	45
Ain Allah	45
Ain Seddaq	45
Majjate meknes	45
Bir Tom Tom	45
Ouled Mbarek	45
ras el ma ifrane	45
TIGENZWINE	45
Ben Yahlef	45
Sidi Harazem	45
Ait ben haddou	45
khnia dades	45
Iznourniate	45
Idelaon	45
Taghazout ouarzazate	45
Sidi Bettache	45
Rommani	45
Karia ba mohamed	45
Tamansa Meknes	45
Laakarta	45
kasbat Agir	45
hayout chair	45
Ahouzi El kebia	45
El Mennadia El jadida	45
Laatamna el jadida	45
Douar wald El alaoue	45
Lota	45
El bouchtiaine	45
Lkrouchaine	45
Dar 40	45
Sed rraida	45
Taddouart tiznit	45
Lakhsas	45
Tafraout N'Lakhsas	45
Mirght	45
El Aargoub - Tanit	45
Reggada (agadir)	45
Agourey	45
Tafoult	45
Laouina	45
Sidi ali barekba	45
Taddart guercif	45
Mesri	45
SAKA guercif	45
Bab Marsouka	45
had oulad drayer	45
Abaynou	45
Asrir	45
Tighmert	45
ouasrun	45
Iqaasbi	45
Douar tizni	45
Douar tajin	45
Tamawanasa	45
Aghtalase	45
Lakhnatif	45
Bouaasaida	45
Al Hozib	45
Labaair	45
Boukia	45
Lkmadata	45
Ouled Ibrahim muled teima	45
Idousmlal	45
Anzi	45
Tighirt TIZNET	45
El Muader El Kabir	45
Hassil al bagar	45
ait mimoun	45
Inchach CHTOUKA	45
tin amara	45
riya	45
agouram	45
ait botayeb	45
ait ali	45
khaya	45
inchaden	45
okhrib	45
El kharij	45
khancha	45
ighirassen	45
Oum El Guerdane	45
Addas	45
Tazarte	45
Aguinane	45
Akka Ighame	45
Tagmout	45
Issafen TATA	45
Tissin TATA	45
Foum Jemaa	45
Tanant azilal	45
dar Ouled Zidoun	45
Tassout	45
Ouled Youssef	45
El Mghassiyine	45
Sidi Ali Ben Hamdouche eljadida	45
EL BANARA	45
DOUAR CHHAB	45
Ltaha el jadida	45
Best	45
Cheiref eljadida	45
Wlad hasin eljadida	45
Barakat hasina	45
Laakiba ihamra	45
Saniat berghig	45
Bni khlef eljadida	45
Briz	45
Mershouch	45
Chrifa Marrakech	45
Ouled Alaa	45
Ouigane	45
El Aaijate	45
Oushat Sidi Brahim	45
Nzalat Laadam	45
Ouled Jelal Marrakech	45
Sebt Mazouda	45
Idouirane	45
Znada	45
Bouj Agharghar	45
Sidi Ettij	45
JSour	45
Laaouiaste	45
Sbiaat	45
Thine Riate	45
Ouled zekri	45
Lakhechachena	45
Ben Rahmou marrakech	45
Sidi Hajjaj (ben ahmed)	45
Houara tanger	45
Dayedaste	45
Briych	45
Tafraouine	45
Asskti Tafouine	45
Tassoutante	45
Sebt Ben Sasssi	45
Laamamcha	45
Sidi El Ayedi	45
Ighoud	45
Sidi chiker	45
Taoulukoult	45
Timezgadiouine	45
Ain belida chichaoua	45
Ait hadi	45
Sidi bouzid chichaoua	45
Tafetachte	45
Had El Brochoua	45
Khenichet	45
Lagouassem	45
Ain Sfa	45
Taipint	45
Aghmat	45
Sidi Moussa Marrakech	45
Ben Rahmou	45
Anzli	45
Dar Gueddari	45
Ouassulaght	45
Tafarya	45
Akheenir	45
Had Kourt	45
Ras Tbouda	45
Ouled Bou Abid	45
Sefsa	45
Sourria	45
Sidi Moussa Ben Ali	45
Oulmès	45
Ksar Bijr	45
Cascade ouzoud	45
Imsouane	45
Sidi Kaouki	45
Ait Daoud	45
Smara	45
Jerf Arfoud	45
Akermoud	45
Aghbalou nserdane (Khenifra)	45
Birkouate	45
Ain jiri	45
Ain Salama	45
ARBAOUA	45
Louizila	45
Had gharbia	45
Beni Ayat	45
Sidi Yahya ousaad (winxa)	45
Douar El ghorba	45
Bassatine El Menzel	45
Gourrama	45
Beni Ahmed Chefchaoun	45
Oued Malha	45
Khamis M'Diq	45
El Kamouni	45
Dar Ben Karrich	45
